17,2020-01-31 16:15 IST
24,2020-01-31 18:15 IST
18,2020-01-31 20:15 IST
32,2020-01-31 22:15 IST
19,2020-02-01 00:15 IST
16,2020-02-01 02:15 IST
12,2020-02-01 04:15 IST
15,2020-02-01 06:15 IST
14,2020-02-01 08:15 IST
18,2020-02-01 11:01 IST
18,2020-02-01 13:01 IST
15,2020-02-01 14:14 IST
19,2020-02-01 15:15 IST
18,2020-02-01 16:15 IST
17,2020-02-01 17:15 IST
24,2020-02-01 18:15 IST
25,2020-02-01 19:15 IST
21,2020-02-01 20:15 IST
18,2020-02-01 21:15 IST
23,2020-02-01 22:15 IST
22,2020-02-01 23:15 IST
19,2020-02-02 00:15 IST
18,2020-02-02 01:15 IST
16,2020-02-02 02:16 IST
14,2020-02-02 03:16 IST
13,2020-02-02 04:16 IST
11,2020-02-02 05:16 IST
11,2020-02-02 06:16 IST
13,2020-02-02 10:00 IST
15,2020-02-02 11:00 IST
23,2020-02-02 12:00 IST
22,2020-02-02 13:00 IST
22,2020-02-02 14:00 IST
23,2020-02-02 15:00 IST
23,2020-02-02 16:00 IST
22,2020-02-02 17:00 IST
23,2020-02-02 18:00 IST
26,2020-02-02 19:00 IST
21,2020-02-02 20:00 IST
16,2020-02-02 21:00 IST
20,2020-02-02 22:00 IST
24,2020-02-02 23:00 IST
20,2020-02-03 00:00 IST
20,2020-02-03 01:00 IST
16,2020-02-03 02:00 IST
16,2020-02-03 03:00 IST
14,2020-02-03 04:00 IST
14,2020-02-03 05:00 IST
14,2020-02-03 06:00 IST
13,2020-02-03 07:00 IST
16,2020-02-03 08:00 IST
15,2020-02-03 09:00 IST
16,2020-02-03 10:00 IST
20,2020-02-03 11:00 IST
20,2020-02-03 12:00 IST
22,2020-02-03 13:00 IST
22,2020-02-03 14:00 IST
19,2020-02-03 15:00 IST
19,2020-02-03 16:00 IST
22,2020-02-03 17:00 IST
22,2020-02-03 18:00 IST
19,2020-02-03 19:00 IST
21,2020-02-03 20:00 IST
22,2020-02-03 21:00 IST
28,2020-02-03 22:00 IST
27,2020-02-03 23:00 IST
28,2020-02-04 00:00 IST
26,2020-02-04 01:00 IST
23,2020-02-04 02:00 IST
18,2020-02-04 03:00 IST
19,2020-02-04 04:00 IST
19,2020-02-04 05:00 IST
18,2020-02-04 06:00 IST
17,2020-02-04 07:00 IST
16,2020-02-04 08:00 IST
16,2020-02-04 09:00 IST
15,2020-02-04 10:00 IST
16,2020-02-04 11:00 IST
20,2020-02-04 12:00 IST
23,2020-02-04 13:00 IST
20,2020-02-04 14:00 IST
22,2020-02-04 15:00 IST
19,2020-02-04 16:00 IST
20,2020-02-04 17:00 IST
20,2020-02-04 18:00 IST
27,2020-02-04 19:00 IST
29,2020-02-04 20:00 IST
22,2020-02-04 21:00 IST
25,2020-02-04 21:20 IST
26,2020-02-04 21:23 IST