Number of Hosts,Time of Day, Subnet bits
11,2020-01-30 08:42 IST,24
11,2020-01-30 08:47 IST,24
13,2020-01-30 13:45 IST,24
12,2020-01-30 14:06 IST,24
13,2020-01-30 14:08 IST,24
12,2020-01-30 14:09 IST,24
15,2020-01-30 17:23 IST,24
16,2020-01-30 17:25 IST,24
18,2020-01-30 17:34 IST,24
19,2020-01-30 17:37 IST,24
18,2020-01-30 17:43 IST,24
16,2020-01-30 18:06 IST,24
19,2020-01-30 18:26 IST,24
18,2020-01-30 19:42 IST,24
19,2020-01-31 16:08 IST,24
20,2020-01-31 16:23 IST,24
18,2020-01-31 16:38 IST,24
19,2020-01-31 16:53 IST,24
20,2020-01-31 17:08 IST,24
20,2020-01-31 17:23 IST,24
17,2020-01-31 17:38 IST,24
21,2020-01-31 17:53 IST,24
23,2020-01-31 18:08 IST,24

104,2020-1-31 19:42 IST,24
105,2020-1-31 19:57 IST,24
100,2020-1-31 20:12 IST,24
98,2020-1-31 20:28 IST,24
107,2020-1-31 20:43 IST,24
111,2020-1-31 20:58 IST,24
112,2020-1-31 21:13 IST,24
117,2020-1-31 21:29 IST,24
118,2020-1-31 21:44 IST,24
159,2020-1-31 21:59 IST,24

73,2020-1-31 22:13 IST,24

67,2020-1-31 22:28 IST,24

64,2020-1-31 22:44 IST,24

62,2020-1-31 22:59 IST,24

59,2020-1-31 23:15 IST,24

61,2020-1-31 23:30 IST,24

55,2020-1-31 23:46 IST,24

69,2020-2-1 8:23 IST,24

67,2020-2-1 8:38 IST,24

70,2020-2-1 8:53 IST,24

86,2020-2-1 11:38 IST,24

